ID,jumlah_promosi
2241,
2274,
1107,
4478,
5080,
5725,
456,
1711,
2940,
3031,
3551,
5987,
6925,
5735,
298,
4020,
3127,
7432,
7375,
1996,
5966,
6697,
3544,
7122,
1379,
505,
224,
3024,
2946,
153,
229,
7411,
2655,
6972,
320,
5205,
2454,
3482,
6708,
3028,
5747,
787,
6608,
3188,
5995,
10,
1556,
2100,
4496,
6847,
2681,
570,
4800,
5642,
6813,
5820,
3731,
4586,
6650,
2024,
3512,
2532,
3640,
129,
6712,
6460,
5050,
4665,
4532,
2434,
4832,
5451,
6220,
1922,
7414,
4959,
2165,
7523,
1448,
2121,
6991,
6533,
152,
2474,
6976,
1208,
6369,
907,
4663,
2063,
524,
7455,
5072,
2293,
7116,
3319,
5402,
2703,
3903,
5498,
3829,
2327,
5221,
5517,
3692,
5198,
2742,
6303,
1484,
3124,
2764,
426,
4334,
1115,
988,
6412,
681,
4240,
3757,
3711,
5911,
6818,
3933,
5153,
407,
2665,
6272,
117,
3536,
5828,
773,
7026,
4269,
4874,
6374,
445,
2019,
3235,
4380,
4795,
4221,
5770,
7457,
4504,
1818,
227,
3716,
7568,
4983,
6101,
601,
6660,
7578,
5884,
3296,
6114,
5306,
93,
6397,
5393,
5739,
5782,
4238,
7349,
7600,
1841,
2862,
6413,
337,
84,
5332,
4147,
5435,
2462,
6565,
4895,
1056,
203,
5183,
376,
2303,
1659,
6393,
6433,
3562,
868,
3374,
2315,
1822,
2008,
2290,
6926,
3914,
4054,
2072,
1177,
7402,
4158,
6495,
6432,
4853,
5307,
3661,
5954,
4273,
4525,
4989,
4690,
1071,
537,
1350,
3079,
4217,
5453,
5783,
7456,
6798,
6197,
6095,
923,
4290,
2492,
7562,
2269,
6988,
4460,
1285,
6941,
7620,
382,
2510,
4357,
6875,
1929,
5649,
5250,
1061,
7593,
6523,
2284,
431,
2423,
6352,
5567,
4403,
1336,
1138,
5659,
1597,
101,
796,
5711,
2173,
4821,
7461,
3248,
7308,
3528,
256,
6502,
7154,
3098,
6184,
70,
1282,
3273,
2741,
2481,
1920,
4328,
5874,
7174,
5842,
7127,
4224,
5975,
4200,
2806,
6458,
5571,
1777,
4184,
457,
4303,
6999,
3876,
2353,
273,
774,
7347,
5582,
1414,
1116,
766,
5340,
913,
5937,
2363,
504,
5556,
2417,
1020,
4678,
6671,
6643,
6018,
5367,
3141,
2362,
2180,
4566,
1587,
4855,
1927,
2845,
4657,
4284,
6061,
6587,
3330,
4600,
1778,
5635,
2528,
5670,
7532,
6469,
1418,
4765,
2058,
5832,
4196,
506,
4274,
2866,
3214,
2755,
64,
4425,
6341,
408,
1798,
5350,
4559,
1246,
5322,
4823,
1953,
1908,
3797,
2942,
4087,
5455,
3388,
4122,
4498,
1370,
2289,
769,
7423,
1968,
1906,
3685,
6557,
7439,
1498,
7323,
4739,
2729,
887,
2341,
3285,
5516,
1410,
2922,
7210,
1743,
3468,
6110,
4374,
956,
7294,
4339,
2373,
1582,
6022,
2977,
1977,
756,
7146,
6524,
6907,
3850,
6980,
1462,
4436,
848,
2082,
3734,
4676,
1505,
1649,
3659,
5157,
5844,
5876,
4343,
3632,
5069,
2425,
3398,
5817,
3403,
5209,
1496,
6799,
6781,
4309,
3939,
338,
7597,
3727,
2485,
5222,
4701,
1672,
560,
4839,
6961,
904,
3126,
4297,
6738,
3520,
6116,
4554,
2403,
4970,
5863,
190,
5025,
1933,
4530,
1703,
2473,
5980,
3291,
5932,
7333,
4512,
5326,
2116,
6084,
2994,
41,
2959,
3668,
2179,
6786,
2643,
3569,
6518,
4509,
2567,
6726,
5108,
2843,
1364,
6124,
1664,
4996,
1655,
5754,
5897,
3808,
5070,
4541,
2157,
1962,
2948,
6756,
4282,
7504,
5186,
4474,
7225,
1289,
1753,
1023,
6117,
4165,
7488,
3,
444,
1344,
6826,
5889,
4627,
4997,
5880,
3320,
2139,
5448,
7470,
1979,
791,
6166,
1323,
930,
6986,
3792,
6529,
5868,
7180,
6130,
5900,
4152,
1593,
2662,
4522,
2925,
3402,
7354,
5587,
6034,
2086,
4099,
6744,
2486,
5314,
1934,
802,
938,
1959,
1670,
4928,
7417,
1044,
2200,
5188,
779,
4539,
366,
1773,
5419,
7197,
4172,
933,
1885,
3806,
4894,
3070,
5543,
4754,
7271,
136,
3643,
192,
5736,
5881,
3967,
2970,
2264,
2131,
2383,
277,
5219,
6065,
2857,
4913,
5178,
2736,
1551,
753,
4635,
3732,
6510,
1114,
7281,
3099,
6327,
5514,
2307,
6785,
1609,
1888,
220,
304,
6031,
1275,
6198,
5210,
7548,
4395,
470,
4829,
20,
2398,
3597,
3431,
3459,
4053,
3313,
3364,
1048,
1838,
5994,
7437,
267,
3140,
54,
7394,
5238,
2821,
6599,
1401,
3048,
121,
4162,
5495,
1846,
4422,
4503,
7454,
1813,
2789,
5320,
1313,
7194,
4544,
2522,
3125,
5840,
3521,
5666,
1126,
820,
2976,
1417,
782,
6354,
2891,
3080,
5149,
1296,
4831,
3045,
4042,
2937,
7168,
3557,
5165,
3337,
6342,
5482,
4860,
2240,
6915,
6778,
2416,
3949,
4638,
342,
4673,
1249,
7567,
5392,
3885,
1860,
5031,
1046,
1184,
952,
5983,
3953,
4416,
6630,
6078,
4995,
5346,
1232,
664,
2479,
5218,
672,
1849,
6362,
6035,
950,
3710,
4793,
7147,
994,
5630,
1190,
4844,
1352,
5530,
4418,
2688,
1679,
2298,
7218,
3742,
1130,
3103,
4819,
6276,
3105,
5397,
5970,
2590,
4002,
6119,
1901,
5266,
3145,
2188,
5166,
806,
213,
1291,
2743,
2272,
1855,
5798,
7377,
205,
550,
2007,
3219,
7192,
5060,
2668,
3110,
3301,
4911,
1882,
6290,
3409,
5407,
2552,
7246,
2093,
359,
884,
6771,
86,
7029,
2999,
695,
5794,
1378,
3002,
3029,
2095,
5950,
5008,
2178,
3733,
3681,
3205,
4346,
4341,
6424,
1710,
5176,
3821,
879,
658,
5804,
4421,
4227,
6359,
3369,
2279,
5177,
6140,
2767,
471,
3158,
2900,
3627,
509,
2129,
2339,
427,
7313,
2012,
703,
2258,
6858,
6540,
1234,
7604,
7160,
6296,
4296,
6943,
2186,
7453,
2585,
5775,
364,
3698,
2886,
5752,
2443,
6277,
7044,
326,
3547,
3873,
6346,
4670,
7374,
1512,
6908,
3610,
7144,
3553,
871,
2875,
3920,
3897,
6958,
1481,
3646,
1191,
2190,
4700,
521,
4483,
2639,
1024,
7111,
6258,
6218,
132,
7040,
7363,
2812,
1216,
282,
583,
3514,
1745,
1731,
775,
5837,
4602,
4082,
3239,
5882,
2872,
3856,
4692,
2505,
3372,
4922,
2282,
6225,
4083,
6233,
4954,
325,
6929,
5109,
3592,
2246,
3591,
491,
7264,
2687,
4292,
1578,
1205,
3607,
6365,
1074,
1956,
4438,
5609,
3077,
790,
4636,
6485,
6877,
6874,
2771,
5718,
4470,
5965,
4429,
2971,
1543,
3898,
4361,
4034,
7549,
462,
5603,
1891,
5895,
1603,
5464,
2629,
1487,
1806,
4371,
546,
371,
2294,
2006,
4304,
2859,
1692,
859,
3438,
6672,
6301,
6154,
7089,
6866,
6743,
2658,
1572,
422,
1433,
3774,
5724,
2610,
1852,
799,
6181,
6239,
6315,
4786,
4774,
4535,
4564,
1425,
2436,
3611,
7579,
5812,
6859,
3293,
4543,
4151,
834,
5626,
1277,
7493,
1809,
6837,
2103,
6113,
2447,
4847,
4607,
3548,
984,
2280,
1396,
1109,
611,
5059,
6295,
1099,
1483,
4050,
6128,
6289,
4973,
6089,
976,
3072,
2135,
74,
5858,
6,
1535,
2909,
2428,
739,
2484,
6398,
1877,
7490,
7038,
6474,
3312,
634,
1923,
405,
728,
6713,
4940,
5713,
7373,
3747,
7285,
253,
918,
5271,
7522,
517,
4477,
7378,
2679,
7222,
3973,
3601,
3743,
1006,
4694,
4547,
3563,
3637,
7619,
2078,
186,
772,
514,
476,
4220,
4412,
1339,
2261,
4990,
6179,
2418,
5328,
983,
4219,
811,
2983,
1376,
3168,
6396,
4514,
5653,
7223,
2509,
3913,
7544,
1673,
313,
4630,
6210,
1793,
3511,
1893,
4378,
4761,
4109,
6010,
2638,
6406,
1637,
1012,
2320,
6722,
3333,
761,
3019,
7492,
920,
523,
1913,
2329,
1244,
3494,
6939,
174,
5740,
4590,
2752,
5637,
244,
6407,
5295,
924,
5345,
2143,
2874,
5706,
3357,
6684,
4616,
5749,
3303,
865,
609,
2920,
439,
4279,
5920,
2159,
1681,
5991,
6508,
631,
6214,
1491,
3928,
4317,
1974,
660,
5697,
2464,
3073,
7565,
5462,
4759,
5936,
5251,
764,
1435,
135,
822,
6456,
7416,
4757,
1354,
6762,
6372,
6470,
1732,
5597,
730,
322,
566,
468,
5833,
2499,
7289,
6036,
4709,
5683,
7231,
2074,
1268,
6480,
7359,
3522,
5887,
306,
3523,
3321,
6347,
2321,
1707,
6674,
2013,
7056,
262,
1958,
2623,
5353,
4204,
1183,
1225,
3191,
7337,
3935,
4846,
396,
2817,
905,
2390,
1351,
7317,
437,
3936,
2260,
4018,
803,
830,
6776,
2215,
3211,
126,
7134,
3311,
1579,
386,
5787,
785,
176,
292,
1280,
4927,
293,
2265,
828,
5289,
1031,
946,
3270,
4331,
2565,
3406,
6205,
5085,
4352,
605,
4570,
1557,
2476,
7110,
2596,
6451,
489,
5537,
6796,
7314,
1399,
3859,
1784,
1950,
5949,
4766,
2429,
7187,
2721,
7324,
3857,
7139,
1231,
3345,
3448,
1663,
3089,
6201,
2719,
2605,
99,
6627,
4809,
4016,
345,
4253,
498,
281,
5076,
3041,
2187,
4451,
6235,
4084,
2720,
3190,
5335,
7102,
2,
6175,
4424,
2972,
567,
7087,
7268,
3977,
1799,
1145,
1489,
3206,
5934,
5853,
4466,
3549,
1294,
5145,
1716,
307,
721,
3277,
6238,
3924,
3704,
5132,
5546,
6395,
3987,
3118,
7340,
6704,
3622,
765,
3940,
2292,
7228,
3525,
5834,
6550,
4960,
4950,
130,
7403,
2163,
2438,
340,
2805,
3309,
3529,
4724,
2908,
1338,
6514,
5496,
819,
5478,
4100,
1449,
5473,
276,
4342,
2548,
6543,
7350,
2171,
4080,
1051,
2249,
4259,
4386,
1515,
6865,
7327,
7617,
6966,
7237,
6363,
4401,
5731,
3626,
3911,
2832,
4662,
1909,
4771,
5243,
7538,
4838,
3860,
2311,
5488,
1733,
6169,
4518,
7198,
2919,
2554,
1684,
4476,
6602,
555,
5899,
7346,
7276,
3375,
6584,
2490,
3047,
6824,
3851,
2606,
7043,
6900,
2262,
4644,
6637,
2839,
7341,
1343,
2796,
3925,
2813,
1217,
2918,
3986,
1917,
128,
6682,
6588,
2518,
1108,
358,
2784,
7045,
5039,
5410,
7624,
3832,
2701,
6159,
594,
3025,
2088,
5661,
6679,
4479,
202,
4979,
367,
5454,
3215,
4096,
2400,
2844,
2799,
5217,
3332,
3516,
3881,
2181,
4215,
5057,
4698,
252,
2759,
5231,
3238,
4545,
1450,
2819,
1011,
2556,
6168,
5313,
4824,
5716,
3809,
4457,
2693,
3397,
5323,
1429,
2408,
903,
7011,
6918,
7064,
1236,
4606,
4517,
1001,
6500,
5617,
1796,
942,
49,
893,
7201,
740,
5441,
2906,
6862,
3693,
4248,
239,
1610,
496,
2161,
5814,
7062,
7514,
3198,
1053,
6531,
2958,
4881,
1153,
4952,
3910,
3961,
725,
6924,
5870,
104,
7398,
5043,
5807,
6096,
474,
7167,
1689,
7046,
4078,
1199,
223,
1645,
874,
5652,
6323,
6386,
3496,
265,
4301,
5616,
1740,
7362,
2011,
179,
6416,
1980,
2048,
3700,
2939,
1033,
4332,
2513,
7405,
1308,
2046,
809,
5391,
5904,
858,
5078,
2206,
7494,
2096,
6004,
7431,
2984,
3302,
687,
3245,
6690,
3223,
1283,
1493,
221,
4131,
1203,
6080,
4237,
5244,
4723,
3620,
374,
87,
3728,
5187,
6729,
5286,
5312,
5691,
6284,
4074,
4146,
4211,
4611,
2954,
3558,
5308,
6454,
7573,
2375,
1954,
2381,
6959,
4932,
4150,
4179,
5905,
4617,
5771,
5625,
1154,
3735,
3456,
1994,
558,
6681,
5577,
7627,
5225,
6174,
6063,
2022,
5311,
4003,
4435,
6609,
3537,
495,
6189,
6192,
2887,
5077,
5066,
3882,
6337,
6212,
7572,
4529,
4329,
3066,
4935,
2563,
3858,
2969,
4256,
3472,
3325,
1226,
518,
1839,
3133,
1677,
156,
286,
4622,
4864,
6583,
15,
6562,
3598,
3810,
2524,
4268,
2997,
6833,
6977,
3131,
6780,
6207,
6196,
1782,
4258,
2982,
4428,
4552,
5614,
3063,
2573,
5067,
1016,
4511,
659,
7183,
5813,
925,
6938,
5477,
5468,
5877,
2125,
1151,
1328,
7109,
2357,
1087,
4030,
1172,
2300,
3979,
1766,
5852,
6030,
3130,
2297,
1717,
4307,
317,
6558,
7509,
1131,
42,
7609,
4994,
6434,
592,
2256,
4210,
6216,
2331,
5958,
2054,
584,
1545,
5854,
5973,
3243,
6753,
3507,
73,
5985,
3690,
2626,
5429,
1932,
4046,
748,
5112,
5021,
2581,
5758,
6517,
5990,
5107,
3662,
1010,
1931,
7202,
2772,
975,
525,
603,
667,
6689,
7479,
4955,
1868,
44,
7429,
3289,
257,
6099,
7272,
2620,
2094,
5792,
4032,
3751,
3429,
5902,
4679,
6136,
5730,
6852,
3889,
3060,
6808,
7082,
5199,
6481,
1319,
1035,
6974,
744,
4551,
481,
3085,
5848,
418,
5144,
4164,
4038,
6150,
4612,
7339,
5442,
5935,
4398,
2154,
965,
5001,
6665,
3152,
882,
5378,
5594,
7381,
1594,
7072,
7036,
7135,
3418,
5017,
4097,
1907,
6955,
4978,
7063,
3777,
690,
4280,
4153,
4686,
4519,
5200,
7001,
1559,
3688,
4088,
7101,
1176,
3008,
4464,
3656,
6468,
490,
3752,
4135,
1345,
6717,
6478,
7071,
251,
5013,
4797,
7399,
3509,
1215,
6368,
4802,
2448,
368,
4884,
6082,
3719,
6389,
676,
4810,
207,
6203,
6979,
3005,
3241,
6146,
1658,
4214,
1004,
7090,
2550,
1739,
4966,
6736,
1165,
1060,
3527,
643,
3244,
5128,
5385,
5211,
2065,
5562,
2924,
2547,
3976,
234,
3042,
5976,
2726,
6545,
2257,
5424,
6077,
6288,
3269,
2795,
6375,
4834,
7361,
7230,
6580,
4170,
4695,
1326,
2210,
699,
391,
2849,
7529,
232,
218,
1315,
6635,
888,
4060,
4295,
6423,
6256,
4092,
13,
6772,
6942,
891,
3149,
3340,
6532,
5316,
7616,
1473,
3455,
2350,
6222,
5175,
3196,
6784,
155,
5246,
3107,
1633,
4936,
7179,
7164,
625,
288,
6280,
2123,
1865,
3160,
4423,
3046,
6632,
6371,
4537,
805,
3210,
692,
1789,
3038,
5329,
543,
742,
5443,
4173,
7275,
7540,
7240,
6336,
829,
3666,
381,
4014,
4469,
1674,
2204,
3606,
494,
7608,
3602,
477,
646,
6387,
6727,
6850,
2253,
5425,
4783,
5708,
1309,
4807,
4961,
1620,
2144,
5389,
2915,
473,
1823,
3684,
3101,
4407,
6879,
2378,
1630,
1940,
1464,
2387,
6995,
4649,
2899,
3938,
926,
2852,
2176,
4041,
5823,
1421,
5981,
6215,
4427,
6989,
1356,
1837,
3284,
2045,
7033,
5331,
4340,
1788,
6334,
106,
2901,
6749,
5309,
5632,
2196,
2820,
3779,
2952,
5459,
4977,
2923,
2027,
7583,
5829,
5612,
3934,
977,
1763,
981,
1119,
6155,
2837,
5777,
6513,
1327,
4628,
2549,
4790,
6107,
6024,
1760,
3484,
4719,
5230,
6821,
7159,
2964,
5656,
6224,
7438,
1687,
4857,
4794,
2965,
2621,
1988,
447,
4022,
4272,
6325,
4805,
4065,
5239,
6654,
6444,
389,
6945,
6021,
1127,
2333,
808,
6494,
2439,
6787,
7331,
1568,
2670,
4613,
7413,
3878,
6195,
424,
7010,
7242,
1413,
423,
6098,
2616,
5809,
6217,
2869,
3307,
1040,
4870,
2000,
6446,
2637,
5559,
6234,
3838,
4360,
997,
3677,
7599,
7131,
1947,
3674,
4197,
2833,
7075,
3721,
6032,
3950,
486,
4335,
6307,
1638,
5040,
733,
5471,
6711,
3382,
287,
4281,
7199,
715,
3855,
3460,
7338,
6269,
854,
2615,
4879,
4183,
246,
1029,
1553,
5943,
5538,
3435,
6554,
7447,
5647,
4660,
7307,
7629,
7592,
5662,
7066,
3837,
2205,
2607,
2746,
6400,
2807,
6260,
3272,
2654,
6043,
600,
4312,
6891,
5490,
323,
2627,
4132,
6074,
2080,
37,
652,
1265,
5553,
7140,
2202,
4024,
390,
6037,
5055,
732,
5765,
4349,
4835,
3233,
5885,
5007,
3635,
1320,
5184,
3169,
6624,
2334,
442,
263,
3847,
1554,
3081,
6909,
3762,
7409,
6892,
4048,
3775,
5467,
5098,
812,
6675,
4492,
2304,
4202,
3937,
2299,
2718,
2407,
3996,
4057,
6871,
4735,
4889,
1261,
4241,
2902,
2052,
2758,
1129,
6012,
5766,
2926,
3619,
6870,
1446,
2040,
1814,
3766,
3075,
3387,
780,
2516,
7049,
7441,
6408,
4252,
6242,
898,
2441,
2050,
6267,
2725,
2071,
5336,
2432,
4646,
2744,
6160,
3764,
4634,
4007,
139,
749,
1423,
1260,
763,
3297,
1103,
4904,
195,
6143,
6254,
7117,
2540,
6812,
6657,
3844,
5778,
3982,
3730,
5819,
4061,
6917,
7070,
1555,
3177,
1000,
6475,
6953,
7261,
7003,
2973,
2308,
5291,
2870,
6769,
6505,
2566,
493,
850,
3395,
1899,
1697,
6559,
2199,
2883,
2980,
5262,
3997,
3854,
2727,
2232,
4079,
3154,
4266,
6248,
1969,
6910,
845,
4185,
6856,
5287,
2032,
2030,
1871,
5028,
2802,
4381,
6512,
7067,
6563,
5908,
2270,
3216,
5967,
2014,
5791,
1825,
987,
4548,
5663,
1941,
7469,
2487,
6590,
7425,
5411,
857,
793,
1250,
5643,
5229,
679,
3365,
6538,
1850,
3988,
2514,
4666,
6294,
723,
3803,
3171,
2306,
7477,
1666,
3811,
5710,
7098,
5491,
3450,
5366,
302,
3872,
1214,
6108,
3341,
4223,
3725,
6758,
4815,
751,
291,
6328,
3658,
6429,
580,
784,
6642,
3584,
6279,
7329,
3623,
4796,
6641,
4494,
7073,
270,
540,
3590,
4836,
2636,
1580,
3564,
7589,
7527,
4896,
2526,
6846,
6380,
1366,
58,
3518,
5102,
2995,
1987,
5815,
6161,
4842,
2064,
880,
5361,
2057,
1626,
2287,
4385,
3791,
2738,
3343,
1775,
5195,
5479,
1018,
467,
4447,
6185,
4116,
4582,
2237,
1404,
2037,
6067,
433,
5447,
5913,
483,
6050,
5727,
7204,
3434,
1092,
3220,
5605,
6081,
6667,
31,
1026,
1795,
5220,
6023,
5292,
7450,
2760,
4021,
7074,
5192,
6442,
2846,
3767,
4865,
2732,
6848,
1879,
656,
6088,
2038,
5167,
6477,
5174,
2664,
3975,
978,
243,
1756,
7484,
452,
236,
5432,
1314,
7480,
1426,
2233,
1926,
3100,
328,
6982,
7002,
204,
7510,
5561,
6948,
2801,
6601,
2991,
1641,
697,
3316,
134,
3327,
4944,
5118,
3980,
248,
5623,
4091,
7037,
361,
4967,
3828,
7390,
1340,
3229,
3628,
3593,
1102,
4302,
4905,
855,
5409,
1826,
2498,
3907,
1705,
5878,
2594,
167,
2372,
4707,
1303,
5387,
1647,
4806,
6226,
2167,
2889,
2751,
5063,
7380,
2070,
1722,
3018,
823,
2829,
2595,
5572,
1675,
3915,
767,
6135,
922,
6548,
5867,
4633,
3530,
3034,
5408,
5242,
3315,
6219,
2930,
2347,
5053,
2456,
5333,
2850,
3074,
974,
5558,
5465,
4062,
4481,
324,
6574,
7335,
3877,
4916,
5557,
1624,
6313,
6618,
3506,
2975,
6600,
877,
7590,
7474,
4625,
1878,
5762,
5873,
1377,
2757,
6428,
6165,
7618,
2656,
5979,
7533,
5129,
4828,
6696,
5398,
7472,
1409,
6041,
1170,
1188,
7602,
6404,
1342,
402,
6367,
5584,
3234,
5898,
3554,
4639,
182,
4984,
3453,
1652,
6157,
2625,
3420,
1863,
5296,
2981,
2634,
3120,
2309,
5633,
3782,
6621,
6740,
412,
1359,
1113,
2335,
2646,
6162,
5337,
384,
7148,
123,
1486,
4856,
3634,
4171,
4160,
1036,
6430,
6625,
1169,
7513,
4137,
3679,
2224,
4347,
3817,
2442,
3436,
1223,
1750,
2989,
1600,
2700,
6401,
2126,
2828,
6581,
2835,
321,
6622,
1657,
4610,
5971,
613,
172,
7031,
4453,
7376,
4645,
1730,
2104,
2910,
1434,
4854,
5037,
6816,
3416,
563,
940,
1654,
2878,
4779,
6141,
7321,
4300,
7601,
4776,
5822,
1469,
6104,
4945,
2355,
1938,
3568,
3363,
5264,
7330,
1389,
4725,
6191,
1163,
4976,
7177,
4168,
1708,
5068,
3201,
827,
1271,
3052,
2640,
4318,
5886,
5650,
6227,
708,
5917,
5501,
4365,
7260,
460,
3951,
4591,
6569,
6450,
1757,
1213,
2618,
5684,
1738,
5365,
3430,
998,
7125,
6887,
869,
5729,
1067,
694,
168,
2831,
2275,
4110,
886,
411,
5534,
3883,
1892,
1117,
5103,
1786,
2635,
7448,
5458,
908,
673,
6881,
3567,
3912,
2632,
5142,
6329,
6547,
3765,
2739,
6552,
2266,
4584,
1921,
1523,
6542,
4138,
1288,
2122,
4930,
3834,
2364,
2667,
2192,
5000,
6079,
1614,
5660,
4052,
5494,
4985,
191,
2641,
6213,
6302,
7138,
5317,
5034,
6615,
539,
5427,
6648,
6934,
1015,
7092,
7212,
3673,
1854,
214,
6659,
2694,
4206,
666,
2055,
5285,
171,
1577,
388,
1321,
308,
3705,
7170,
3697,
5348,
5599,
5125,
6589,
7486,
7157,
2029,
7124,
1207,
6318,
620,
7576,
479,
5507,
6719,
7086,
1408,
4499,
2079,
7013,
7320,
4756,
3231,
2168,
817,
6013,
4112,
2786,
522,
5414,
416,
662,
3212,
5224,
2085,
2056,
927,
3271,
1805,
2716,
6028,
7430,
4578,
7060,
5915,
4958,
3204,
334,
2723,
7553,
6914,
4143,
2388,
797,
3788,
7482,
6266,
5360,
6566,
6453,
5508,
1267,
6819,
6840,
4218,
2557,
1367,
939,
4133,
1269,
7206,
2808,
5235,
4337,
1251,
4849,
2208,
7612,
2207,
264,
6649,
6851,
5083,
4130,
2102,
1041,
6992,
4549,
5121,
4199,
5563,
6928,
6790,
6965,
878,
7057,
1897,
1944,
3984,
2699,
5788,
4775,
758,
962,
6867,
7083,
3227,
2542,
1533,
4538,
6676,
2449,
5033,
5961,
1748,
6745,
6968,
3467,
821,
5301,
3056,
792,
7106,
400,
170,
3581,
3665,
2803,
3917,
1507,
5681,
3172,
4798,
675,
5206,
7093,
3604,
2106,
3138,
966,
3633,
4720,
7610,
2884,
5380,
6417,
2223,
2823,
294,
2861,
3651,
2932,
7634,
4811,
5568,
4568,
6617,
5019,
1967,
5374,
4906,
487,
2361,
1335,
4963,
3613,
954,
6804,
7247,
2597,
3167,
4861,
770,
2558,
5094,
6364,
5275,
2365,
1256,
449,
6834,
1567,
7521,
4000,
3998,
4128,
2310,
7055,
5487,
1161,
4962,
6732,
6330,
4203,
23,
4784,
7525,
5047,
2259,
2683,
6411,
1669,
3225,
6716,
5856,
3981,
3715,
2047,
3281,
1472,
1300,
5032,
159,
1248,
1895,
7241,
1311,
3109,
6807,
2985,
4974,
3501,
618,
6572,
63,
661,
1834,
1563,
6768,
1066,
2028,
1548,
3410,
4409,
278,
3723,
7420,
2003,
3295,
2536,
2344,
5499,
34,
970,
5267,
133,
5938,
2814,
6765,
5939,
752,
497,
56,
2267,
7249,
4071,
2551,
6544,
7104,
2834,
2120,
6598,
4040,
704,
3283,
4878,
2203,
356,
7412,
6860,
1368,
2236,
3493,
1287,
7382,
6573,
4075,
6527,
3150,
1325,
4163,
1252,
1880,
5461,
450,
759,
2430,
12,
846,
7598,
2342,
5645,
6777,
3833,
5162,
4431,
369,
6449,
4898,
2091,
6774,
6920,
6379,
5096,
731,
7475,
1278,
4251,
4326,
6268,
1301,
3445,
4265,
4808,
7584,
7263,
5395,
4036,
6016,
6461,
5824,
5293,
657,
2174,
678,
3744,
2856,
6471,
6964,
1247,
612,
6828,
32,
4433,
5189,
6112,
5757,
4006,
1091,
2226,
7508,
3347,
6120,
4216,
88,
7190,
3449,
4313,
3990,
209,
19,
4051,
4288,
2745,
4658,
1362,
1042,
3745,
5181,
6467,
1038,
4763,
741,
714,
3417,
5273,
7142,
2198,
5607,
6308,
3371,
6748,
6970,
3076,
3166,
7255,
6044,
1387,
3199,
1565,
7507,
588,
4205,
435,
150,
5089,
7304,
1174,
4212,
4762,
2571,
1942,
3546,
1485,
1960,
3135,
2506,
1811,
7112,
4019,
7152,
279,
30,
5236,
6839,
4825,
5608,
7137,
1538,
1985,
1946,
2544,
14,
1680,
7560,
4988,
6591,
2197,
1286,
1385,
1499,
6057,
4843,
1575,
4262,
7426,
2060,
6795,
628,
2652,
1307,
2561,
6488,
6594,
2990,
7085,
1412,
6567,
5560,
2296,
1887,
6797,
2987,
5696,
2222,
2332,
6878,
2354,
4144,
360,
3776,
4448,
3396,
3425,
7088,
2248,
3720,
798,
4434,
738,
1833,
7397,
3983,
6236,
6410,
5921,
2602,
6519,
5692,
2661,
4025,
6285,
2366,
5022,
26,
5212,
4437,
746,
1737,
2051,
4583,
3800,
3096,
7489,
6783,
4675,
883,
7342,
2440,
2369,
4,
5190,
7519,
1599,
7,
4703,
1331,
6757,
7006,
4393,
2986,
180,
2927,
4788,
1415,
2268,
6350,
5685,
4149,
1149,
3294,
5728,
1691,
6014,
1761,
5179,
4505,
3247,
5914,
4070,
3326,
6052,
1482,
3022,
6752,
1062,
2708,
5857,
3015,
6936,
4817,
6211,
4546,
7389,
6409,
4166,
3901,
4680,
97,
1273,
6963,
5590,
7155,
5907,
2101,
1382,
3773,
5428,
1560,
1621,
4571,
1662,
2943,
415,
575,
6623,
5064,
6314,
5150,
6869,
1870,
299,
1509,
6896,
3483,
4072,
5720,
5376,
677,
1293,
4081,
6009,
3729,
2132,
4379,
5665,
3036,
685,
5020,
143,
7577,
2137,
1211,
6252,
2945,
4872,
332,
5774,
6163,
2612,
1976,
1347,
5523,
5669,
4276,
4127,
5678,
6490,
7121,
4493,
4577,
3780,
536,
5009,
4623,
3055,
5156,
2756,
1420,
76,
3707,
5550,
4820,
5996,
4305,
7506,
4264,
1503,
4598,
4105,
724,
2314,
7392,
6100,
813,
3128,
4655,
1221,
7015,
2374,
2414,
1914,
196,
274,
188,
598,
5430,
4969,
1918,
7166,
5808,
4372,
5185,
3902,
6507,
2702,
5796,
7034,
4117,
1982,
3945,
5785,
1682,
6106,
4102,
5963,
5327,
7175,
3904,
2678,
7503,
4980,
222,
7200,
5768,
2401,
2467,
2583,
4903,
200,
943,
5680,
896,
5795,
776,
4555,
295,
6741,
1843,
1192,
5891,
7424,
1333,
547,
4364,
7196,
2907,
3044,
844,
4247,
2346,
6054,
5579,
6692,
1239,
4685,
66,
6629,
6678,
4310,
185,
2865,
2740,
7552,
1898,
5799,
572,
5831,
2075,
2692,
3746,
3815,
7312,
4239,
5818,
5764,
919,
5269,
3488,
3237,
4791,
1530,
5634,
2201,
3328,
1480,
5364,
7587,
5268,
6243,
3891,
6876,
2896,
1043,
549,
2673,
1050,
1504,
421,
1539,
2696,
3155,
5861,
5412,
2815,
1494,
5801,
7238,
6086,
2395,
3305,
5789,
1466,
5120,
4803,
1776,
4405,
6651,
6385,
4399,
3144,
2690,
5249,
3134,
3194,
5968,
7352,
451,
5097,
1141,
2698,
935,
4294,
6750,
3540,
3137,
6883,
3161,
644,
7302,
78,
1644,
7234,
5849,
635,
269,
6257,
7611,
3552,
5826,
4863,
1828,
1140,
3638,
4195,
3003,
3785,
6720,
4637,
4188,
1699,
1072,
1688,
4902,
5045,
5835,
1245,
370,
4480,
5585,
4039,
1660,
516,
1808,
3254,
1488,
1896,
3159,
6534,
4596,
5256,
5234,
7193,
5091,
1591,
2860,
5363,
4702,
5310,
4093,
593,
5641,
4208,
4439,
6383,
3927,
6373,
4868,
2015,
3932,
7355,
1441,
967,
2172,
542,
1436,
4213,
7464,
4850,
4615,
2647,
1317,
5492,
3955,
5154,
5352,
354,
319,
6954,
3890,
7311,
2111,
6085,
3322,
5405,
3795,
5388,
2136,
7251,
530,
4121,
2459,
3641,
3657,
5277,
6129,
630,
4119,
6090,
610,
7555,
3153,
1636,
4508,
1894,
3292,
2898,
7284,
1949,
6661,
3213,
6997,
5061,
1562,
5503,
5552,
5233,
1355,
602,
4858,
4892,
5330,
6187,
1712,
3470,
1445,
5715,
3594,
7391,
2108,
6687,
6993,
1632,
3944,
2295,
538,
6561,
372,
2112,
5281,
2393,
2158,
2399,
5533,
1002,
3432,
7211,
2825,
872,
5415,
3754,
3561,
6463,
6646,
5539,
5790,
3007,
1193,
7305,
7336,
890,
5601,
4975,
2243,
5280,
1800,
2776,
1734,
1542,
5509,
1465,
149,
641,
5903,
3298,
1586,
663,
1306,
4986,
6767,
2724,
7173,
6579,
4397,
3476,
3146,
1112,
2851,
5998,
1859,
5472,
5555,
6673,
6653,
1519,
1966,
1077,
5383,
3156,
2713,
7571,
7594,
2904,
5953,
3966,
3267,
4556,
6872,
102,
1452,
2599,
2235,
6360,
4387,
4729,
2185,
1082,
3802,
271,
3334,
3478,
89,
2151,
